"The shipment, which was originally scheduled for Monday, will now arrive on Wednesday because of severe weather.","Part 5 文法、ビジネス:物流・製造"
"Please make sure all cartons are properly labeled before they are loaded onto the truck.","Part 5 文法、ビジネス:物流・製造"
"Had the supplier delivered the parts on time, the assembly line would not have been shut down.","Part 5 文法、ビジネス:物流・製造"
"The factory has reduced its energy consumption by installing more efficient machinery.","Part 5 語彙、ビジネス:物流・製造"
"Quality inspectors are responsible for ensuring that every product meets the safety standards.","Part 5 語彙、ビジネス:物流・製造"
"Due to the high volume of orders, customers may experience delays in processing.","Part 5 文法、ビジネス:物流・製造"
"Employees are required to change their passwords every ninety days to protect confidential data.","Part 5 文法、ビジネス:IT・施設"
"The IT department will be upgrading the server over the weekend, so access to the system may be limited.","Part 5 文法、ビジネス:IT・施設"
"Once the software has been installed, users will be prompted to create an account.","Part 5 文法、ビジネス:IT・施設"
"The newly renovated lobby features comfortable seating and a large display screen showing the daily schedule.","Part 5 語彙、ビジネス:IT・施設"
"Visitors who wish to use the fitness center must first register at the reception desk.","Part 5 文法、ビジネス:IT・施設"
"The air conditioning system is so old that it cannot cool the entire building in summer.","Part 5 文法、ビジネス:IT・施設"
"Ms. Alvarez, whose department exceeded its annual target, was invited to speak at the company retreat.","Part 5 文法、ビジネス:人事"
"Candidates are advised to bring copies of their certificates to the interview.","Part 5 語彙、ビジネス:人事"
"The training session is designed to help new managers communicate more effectively with their teams.","Part 5 文法、ビジネス:人事"
"The more closely we monitor expenses, the more money we can save.","Part 5 文法、ビジネス:契約・財務"
"The meeting was postponed until all department heads could attend.","Part 5 文法、ビジネス:会議・出張"
"Although the conference was held in a remote location, attendance exceeded expectations.","Part 5 文法、ビジネス:会議・出張"
"Please book your hotel at least a month in advance to take advantage of the corporate discount.","Part 5 語彙、ビジネス:会議・出張"
"Mr. Nakamura is scheduled to present the quarterly results to the board next Tuesday.","Part 5 文法、ビジネス:会議・出張"
"In the event of a cancellation, the deposit will be returned within ten business days.","Part 5 語彙、ビジネス:契約・財務"
"The firm's profits have risen steadily since it began exporting to overseas markets.","Part 5 文法、ビジネス:契約・財務"
"Applications for the research grant must be received no later than the end of this month.","Part 5 文法、ビジネス:契約・財務"
"Because the budget was cut, the project team was forced to scale back its original plans.","Part 5 文法、ビジネス:契約・財務"
"Our new line of kitchen appliances is not only affordable but also environmentally friendly.","Part 5 文法、ビジネス:広告・顧客対応"
"If you are not completely satisfied with your purchase, you may return it within thirty days for a full refund.","Part 5 文法、ビジネス:広告・顧客対応"
"Customer feedback indicates that most users prefer the redesigned website to the previous version.","Part 5 語彙、ビジネス:広告・顧客対応"
"Free parking is available to customers who spend more than fifty dollars.","Part 5 文法、ビジネス:広告・顧客対応"
"Because of ongoing construction, the main entrance will remain closed until further notice.","Part 6 / 7 頻出"
"Attached is the revised schedule, which reflects the changes discussed during yesterday's meeting.","Part 6 / 7 頻出"
