"All new employees must complete the safety training before they begin working on the production floor.","Part 5 文法、ビジネス:人事"
"Ms. Tanaka, who joined the marketing team last spring, has been promoted to senior manager.","Part 5 文法、ビジネス:人事"
"Applicants are required to submit two letters of recommendation along with their résumés.","Part 5 語彙、ビジネス:人事"
"The human resources department will announce the new vacation policy once the board has approved it.","Part 5 文法、ビジネス:人事"
"Employees who work overtime are entitled to additional compensation.","Part 5 文法、ビジネス:人事"
"Mr. Okada was hired as a project coordinator because of his extensive experience in logistics.","Part 5 文法、ビジネス:人事"
"Interviews will be conducted next week by a panel of three department heads.","Part 5 文法、ビジネス:人事"
"Unless otherwise noted, all full-time staff are eligible for the company health plan.","Part 5 文法、ビジネス:人事"
"Having reviewed all of the applications, the committee selected five candidates for a second interview.","Part 5 文法、ビジネス:人事"
"Please inform your supervisor at least two weeks in advance if you plan to take extended leave.","Part 5 文法、ビジネス:人事"
"The quarterly sales meeting has been rescheduled to Thursday due to the director's business trip.","Part 5 文法、ビジネス:会議・出張"
"Participants are encouraged to submit their questions in advance so that the speakers can prepare thorough answers.","Part 5 文法、ビジネス:会議・出張"
"If the flight is delayed, please contact the travel desk immediately.","Part 5 文法、ビジネス:会議・出張"
"The conference room on the third floor can accommodate up to forty people.","Part 5 語彙、ビジネス:会議・出張"
"Neither the presentation nor the handouts were ready by the time the clients arrived.","Part 5 文法、ビジネス:会議・出張"
"Mr. Sato will be visiting our Singapore office from Monday through Wednesday to oversee the system upgrade.","Part 5 文法、ビジネス:会議・出張"
"The agenda for tomorrow's meeting includes a review of last month's budget and a discussion of the upcoming product launch.","Part 5 語彙、ビジネス:会議・出張"
"Travel expenses must be reported within thirty days of the trip.","Part 5 文法、ビジネス:会議・出張"
"Attendees who register before the end of the month will receive a discount on the admission fee.","Part 5 文法、ビジネス:会議・出張"
"We apologize for any inconvenience caused by the change in the seminar venue.","Part 5 文法、ビジネス:会議・出張"
"The contract will remain in effect for two years unless either party gives written notice of termination.","Part 5 文法、ビジネス:契約・財務"
"Revenue from overseas sales increased by 12 percent compared with the same period last year.","Part 5 文法、ビジネス:契約・財務"
"All invoices should be paid within thirty days of the date of issue.","Part 5 文法、ビジネス:契約・財務"
"The accounting department is responsible for verifying every receipt submitted with an expense report.","Part 5 文法、ビジネス:契約・財務"
"Provided that the inspection is completed on schedule, the new facility will open in September.","Part 5 文法、ビジネス:契約・財務"
"Because of the rising cost of raw materials, the company has decided to raise its prices by five percent.","Part 5 文法、ビジネス:契約・財務"
"Payment will be refunded in full if the order is canceled before it is shipped.","Part 5 文法、ビジネス:契約・財務"
"The agreement was signed by both parties after several weeks of negotiation.","Part 5 文法、ビジネス:契約・財務"
"Shareholders are expected to approve the proposed merger at the annual meeting next month.","Part 5 語彙、ビジネス:契約・財務"
"Our auditors have recommended that the firm review its internal controls more frequently.","Part 5 文法、ビジネス:契約・財務"
"Customers who purchase two or more items will receive a free gift with their order.","Part 5 文法、ビジネス:広告・顧客対応"
"The new advertising campaign, which will run for six weeks, targets young professionals.","Part 5 文法、ビジネス:広告・顧客対応"
"We would appreciate it if you could complete the short survey about your recent experience.","Part 5 文法、ビジネス:広告・顧客対応"
"Should you have any questions about your order, please do not hesitate to contact our customer service center.","Part 5 文法、ビジネス:広告・顧客対応"
"The store's grand opening drew a larger crowd than the organizers had anticipated.","Part 5 文法、ビジネス:広告・顧客対応"
"All merchandise must be returned in its original packaging in order to qualify for a refund.","Part 5 語彙、ビジネス:広告・顧客対応"
"Thanks to the positive reviews posted online, sales of the new blender have risen sharply.","Part 5 文法、ビジネス:広告・顧客対応"
"The manager apologized to the customer and offered a replacement at no extra charge.","Part 5 語彙、ビジネス:広告・顧客対応"
"Not only does the new model use less energy, but it is also considerably quieter.","Part 5 文法、ビジネス:広告・顧客対応"
"Delivery times may vary depending on the availability of the items and the destination.","Part 5 文法、ビジネス:広告・顧客対応"
"Please be advised that the parking lot will be closed for repaving from Friday evening until Monday morning.","Part 6 / 7 頻出"
"The cafeteria will be temporarily relocated to the second floor while renovations are under way.","Part 6 / 7 頻出"
"Employees are reminded to wear their identification badges at all times while inside the building.","Part 6 / 7 頻出"
"To reserve a meeting room, please use the online booking system available on the company intranet.","Part 6 / 7 頻出"
"A reminder e-mail will be sent to everyone who has signed up for the workshop.","Part 6 / 7 頻出"
"The maintenance team requests that all tenants remove personal items from the hallways.","Part 6 / 7 頻出"
"Effective immediately, visitors must check in at the front desk and receive a guest pass.","Part 6 / 7 頻出"
"We are pleased to announce that Ms. Park has accepted the position of regional director.","Part 6 / 7 頻出"
"Due to a scheduled system update, the internal network will be unavailable between midnight and 3 A.M.","Part 6 / 7 頻出"
"The enclosed brochure describes the full range of services offered by our consulting division.","Part 6 / 7 頻出"
"The company plans to expand its operations into Southeast Asia by the end of next year.","Part 5 語彙"
"The proposal was rejected because it failed to meet the budget requirements.","Part 5 語彙"
"Mr. Lee is highly regarded among his colleagues for his reliability and attention to detail.","Part 5 語彙"
"Please make sure that the equipment is properly maintained to avoid unexpected breakdowns.","Part 5 語彙"
"The supplier has assured us that the shipment will arrive no later than Tuesday.","Part 5 語彙"
"A significant number of employees have expressed interest in the flexible work schedule.","Part 5 語彙"
"The renovation of the lobby is expected to be completed ahead of schedule.","Part 5 語彙"
"Demand for electric vehicles has grown steadily over the past decade.","Part 5 語彙"
"The committee will make a final decision after carefully considering all of the options.","Part 5 語彙"
"Residents are asked to dispose of their waste in the designated containers.","Part 5 語彙"
